City_ID,City,Lat,Lng,Max Temp,Humidity,Cloudiness,Wind Speed,Country,Date
0,west island,-12.1568,96.8225,302.14,74,100,6.17,CC,1731389527
1,vilyuchinsk,52.9306,158.4028,275.3,75,15,12.45,RU,1731389648
2,les cayes,18.2,-73.75,298.45,94,100,5.84,HT,1731389649
3,mount pearl,47.5166,-52.7813,281.11,93,100,11.83,CA,1731389531
4,waitangi,-43.9535,-176.5597,285.27,72,18,1.34,NZ,1731389652
5,pula,44.8683,13.8481,280.46,70,0,5.66,HR,1731389655
6,dunedin,-45.8742,170.5036,284.35,69,53,2.97,NZ,1731389547
7,jamestown,42.097,-79.2353,280.38,81,100,7.2,US,1731389577
8,hawaiian paradise park,19.5933,-154.9731,295.88,97,40,1.54,US,1731389561
9,qaqortoq,60.7167,-46.0333,269.91,76,7,10.08,GL,1731389662
10,tillaberi,14.2117,1.4531,294.18,19,0,4.57,NE,1731389663
11,wenchang,30.904,118.4887,295.89,51,0,5.7,CN,1731389664
12,blackmans bay,-43.0167,147.3167,294.22,58,1,3.89,AU,1731389666
13,port-aux-francais,-49.35,70.2167,278.28,93,100,10.17,TF,1731389667
14,uturoa,-16.7333,-151.4333,299.21,79,77,9.18,PF,1731389668
15,ushuaia,-54.8,-68.3,279.96,87,75,0.51,AR,1731389670
16,ribeira grande,38.5167,-28.7,294.14,95,100,6.26,PT,1731389671
17,prado,-17.3411,-39.2208,294.47,88,29,2.14,BR,1731389673
18,adamstown,-25.066,-130.1015,294.9,67,100,1.59,PN,1731389674
19,necochea,-38.5473,-58.7368,281.51,78,46,3.83,AR,1731389675
20,nuuk,64.1835,-51.7216,271.49,74,75,4.12,GL,1731389677
21,wanning,18.8003,110.3967,299.01,82,98,5.72,CN,1731389678
22,yellowknife,62.456,-114.3525,266.16,99,100,7.15,CA,1731389518
23,ingeniero jacobacci,-41.3427,-69.5448,279.16,73,100,8.54,AR,1731389681
24,olonkinbyen,70.9221,-8.7187,275.07,98,100,9.27,SJ,1731389528
25,iskateley,67.6803,53.1512,261.87,91,69,2.8,RU,1731389684
26,anadyr,64.75,177.4833,260.43,77,75,4.0,RU,1731389571
27,utrik,11.2278,169.8474,300.87,80,58,6.66,MH,1731389686
28,upington,-28.4478,21.2561,292.36,27,0,1.54,ZA,1731389688
29,alaghsas,17.0187,8.0168,291.09,34,0,2.57,NE,1731389689
30,san rafael,-34.6177,-68.3301,288.98,38,5,2.77,AR,1731389690
31,klyuchi,52.2667,79.1667,266.67,68,100,7.4,RU,1731389692
32,novyy urengoy,66.0833,76.6333,249.04,96,87,5.63,RU,1731389693
33,tura,25.5198,90.2201,300.54,49,0,1.1,IN,1731389572
34,kangding,30.0513,101.9603,291.34,38,0,1.15,CN,1731389540
35,udachny,66.4167,112.4,256.88,97,100,1.99,RU,1731389697
36,chagoda,59.164,35.3285,271.53,94,100,1.93,RU,1731389699
37,taksimo,56.3444,114.8794,261.01,77,97,1.21,RU,1731389700
38,chonchi,-42.6128,-73.8092,282.66,95,100,1.31,CL,1731389701
39,jose panganiban,14.2906,122.6917,301.93,83,23,1.83,PH,1731389703
40,tarinkot,32.6268,65.8733,289.67,24,28,0.97,AF,1731389704
41,taiynsha,53.8478,69.7639,262.1,92,55,5.03,KZ,1731389706
42,krupki,54.3178,29.1358,273.12,91,46,1.96,BY,1731389707
43,holualoa,19.6228,-155.9522,296.23,87,25,0.79,US,1731389708
44,twon-brass,4.3151,6.2418,299.88,79,22,2.47,NG,1731389710
45,tiksi,71.6872,128.8694,253.66,97,100,0.5,RU,1731389711
46,cabo san lucas,22.8909,-109.9124,297.46,53,19,2.24,MX,1731389713
47,krasnaya gora,52.9995,31.6023,272.94,90,90,2.04,RU,1731389714
48,bilibino,68.0546,166.4372,249.4,96,73,2.24,RU,1731389716
49,puerto natales,-51.7236,-72.4875,280.63,86,84,3.95,CL,1731389717
50,fisterra,42.9049,-9.2629,287.95,71,11,8.89,ES,1731389718
51,luebo,-5.35,21.4167,298.09,73,54,1.06,CD,1731389720
52,vallo della lucania,40.2297,15.2658,282.84,75,100,2.8,IT,1731389721
53,susuman,62.7833,148.1667,252.16,98,100,1.0,RU,1731389546
54,invercargill,-46.4,168.35,287.6,69,78,4.92,NZ,1731389521
55,puerto ayora,-0.7393,-90.3518,294.57,88,46,1.79,EC,1731389727
56,cambridge,43.3601,-80.3127,277.33,78,40,7.72,CA,1731389728
57,labuan,5.2767,115.2417,305.35,66,20,1.54,MY,1731389729
58,crane,31.3974,-102.3501,290.27,46,47,4.12,US,1731389574
59,albany,42.6001,-73.9662,284.38,67,85,0.45,US,1731389022
60,edinburgh of the seven seas,-37.0676,-12.3116,286.63,83,97,6.13,SH,1731389532
61,kodiak,57.79,-152.4072,272.88,74,0,2.06,US,1731389735
62,nouadhibou,20.931,-17.0347,293.14,73,0,5.66,MR,1731389736
63,tazacorte,28.629,-17.9293,293.79,70,75,3.6,ES,1731389739
64,maumere,-8.6199,122.2111,303.43,61,43,0.96,ID,1731389742
65,longyearbyen,78.2186,15.6401,277.06,81,75,4.12,SJ,1731389517
66,papatowai,-46.5619,169.4708,287.02,57,75,2.78,NZ,1731389745
67,santa cruz,-17.8,-63.1667,297.85,88,40,1.54,BO,1731389161
68,ranchuelo,22.3772,-80.1489,298.13,96,10,3.04,CU,1731389747
69,happy valley-goose bay,53.3168,-60.3315,272.32,100,100,4.12,CA,1731389749
70,wailua homesteads,22.0669,-159.378,297.59,89,100,6.69,US,1731389750
71,liman,48.9884,37.8023,275.76,66,52,2.1,UA,1731389752
72,sweetwater,25.7634,-80.3731,299.83,89,20,1.54,US,1731389689
73,antsiranana,-12.2787,49.2917,301.57,69,75,6.17,MG,1731389754
74,port elizabeth,-33.918,25.5701,292.21,91,20,5.66,ZA,1731389756
75,zaozersk,69.4005,32.4476,275.25,88,100,3.93,RU,1731389757
76,vavuniya,8.7514,80.4971,304.05,62,31,2.04,LK,1731389759
77,raja,8.4596,25.678,299.73,33,29,3.06,SS,1731389760
78,nikolayevsk-on-amure,53.1406,140.73,267.57,89,81,4.17,RU,1731389610
79,taishan,22.2514,112.7799,304.98,40,80,3.7,CN,1731389763
80,san antonio de pale,-1.4014,5.6325,299.04,84,62,5.46,GQ,1731389764
81,tolanaro,-25.0319,46.9987,301.19,69,20,3.09,MG,1731389543
82,isafjordur,66.0755,-23.124,281.49,88,100,10.4,IS,1731389767
83,arauca,7.0847,-70.7591,298.13,88,0,2.03,CO,1731389768
84,lautoka,-17.6167,177.4667,302.07,61,40,4.12,FJ,1731389770
85,fale old settlement,-9.3852,-171.2468,301.71,74,9,6.7,TK,1731389771
86,nacozari de garcia,30.3742,-109.6908,283.67,40,84,0.75,MX,1731389772
87,vorkuta,67.5,64.0,254.83,91,41,4.0,RU,1731389774
88,indre arna,60.4247,5.4764,279.27,88,100,1.13,NO,1731389775
89,iqaluit,63.7506,-68.5145,261.0,78,40,1.54,CA,1731389777
90,kuraymah,18.55,31.85,297.62,25,0,6.1,SD,1731389778
91,ji'an,27.1172,114.9793,298.88,49,4,2.44,CN,1731389779
92,shache,38.4167,77.2406,285.98,41,32,1.64,CN,1731389781
93,bredasdorp,-34.5322,20.0403,291.46,72,23,1.41,ZA,1731389522
94,ilulissat,69.2167,-51.1,270.16,86,75,7.24,GL,1731389783
95,bethel,41.3712,-73.414,285.13,75,10,0.45,US,1731389525
96,krasnaya gorbatka,55.8703,41.7641,272.22,84,18,2.13,RU,1731389786
97,georgetown,5.4112,100.3354,303.68,72,40,4.12,MY,1731389562
98,talnakh,69.4865,88.3972,245.54,91,52,0.71,RU,1731389789
99,rio grande,-32.035,-52.0986,286.95,70,99,7.06,BR,1731389528
100,mogocha,53.7333,119.7667,266.9,71,44,1.99,RU,1731389793
101,nabire,-3.3667,135.4833,300.56,86,99,1.24,ID,1731389794
102,pacasmayo,-7.4006,-79.5714,290.36,89,93,3.25,PE,1731389796
103,avarua,-21.2078,-159.775,296.18,64,40,4.63,CK,1731389559
104,napier,-39.4833,176.9167,288.31,71,90,2.68,NZ,1731389799
105,arac,41.2422,33.3277,282.15,66,8,1.37,TR,1731389800
106,newman,37.3138,-121.0208,281.51,91,5,0.89,US,1731389539
107,ballina,-28.8667,153.5667,294.24,92,100,4.73,AU,1731389803
108,punta arenas,-53.15,-70.9167,282.21,76,40,12.86,CL,1731389804
109,slave lake,55.2834,-114.769,273.14,93,100,0.0,CA,1731389805
110,sunchales,-30.944,-61.5615,285.08,38,0,1.9,AR,1731389807
111,hermanus,-34.4187,19.2345,288.6,74,8,1.93,ZA,1731389808
112,whangarei,-35.7317,174.3239,291.09,65,24,2.0,NZ,1731389810
113,mildura,-34.2,142.15,299.97,42,81,4.15,AU,1731389811
114,grytviken,-54.2811,-36.5092,272.84,87,98,5.45,GS,1731389812
115,keflavik,64.0049,-22.5624,284.39,93,100,16.46,IS,1731389814
116,fort st. john,56.2499,-120.8529,267.09,86,100,5.14,CA,1731389648
117,beau vallon,-20.4189,57.6953,300.28,61,20,3.6,MU,1731389817
118,thompson,55.7435,-97.8558,269.24,93,100,2.06,CA,1731389583
119,gizo,-8.103,156.8419,302.29,70,63,2.17,SB,1731389819
120,aasiaat,68.7098,-52.8699,270.54,73,100,8.3,GL,1731389821
121,tofol,5.3248,163.0078,302.51,71,83,6.28,FM,1731389822
122,santa ana,33.7456,-117.8678,289.61,83,9,1.34,US,1731389824
123,port mathurin,-19.6833,63.4167,297.56,81,48,8.87,MU,1731389825
124,san patricio,28.017,-97.5169,293.12,70,34,2.37,US,1731389611
125,keelung,25.1283,121.7419,297.56,95,100,5.76,TW,1731389828
126,khandyga,62.6667,135.6,251.53,99,93,0.99,RU,1731389624
127,aitape,-3.1374,142.3475,302.06,80,80,3.28,PG,1731389830
128,carnarvon,-24.8667,113.6333,299.0,52,89,9.48,AU,1731389832
129,mugia,43.1041,-9.2179,286.43,76,21,9.5,ES,1731389833
130,mil'kovo,55.6078,37.7956,273.9,58,76,2.59,RU,1731389834
131,saldanha,-33.0117,17.9442,289.18,84,18,8.54,ZA,1731389836
132,okhotsk,59.3833,143.3,259.85,68,45,8.75,RU,1731389837
133,dong ha,16.8163,107.1003,299.0,82,100,6.08,VN,1731389839
134,bonthe,7.5264,-12.505,298.62,82,10,0.81,SL,1731389840
135,at-bashi,41.1702,75.8106,274.97,46,94,0.82,KG,1731389841
136,salinopolis,-0.6136,-47.3561,298.35,87,100,3.98,BR,1731389843
137,fortuna,40.5982,-124.1573,283.67,96,100,1.79,US,1731389844
138,hobyo,5.3505,48.5268,301.54,71,95,7.09,SO,1731389846
139,saint-joseph,-21.3667,55.6167,300.36,76,38,4.76,RE,1731389847
140,constantia,44.1833,28.65,278.54,79,98,6.77,RO,1731389848
141,oroqen zizhiqi,50.5667,123.7167,272.12,49,8,2.82,CN,1731389850
142,dudinka,69.4058,86.1778,250.6,91,74,7.2,RU,1731389728
143,recani,31.2846,-4.2688,288.58,49,100,2.65,MA,1731389853
144,petropavlovsk-kamchatsky,53.0452,158.6483,274.48,41,40,11.0,RU,1731389854
145,iranshahr,27.2025,60.6848,298.34,22,0,2.06,IR,1731389855
146,uliastay,47.7417,96.8444,271.85,64,80,1.55,MN,1731389857
147,sogod,10.3847,124.9814,302.76,78,86,0.81,PH,1731389858
148,sungai raya,0.7,108.9,304.59,59,94,3.48,ID,1731389860
149,manta,-0.95,-80.7333,295.03,83,0,2.06,EC,1731389861
150,saint-pierre,-21.3393,55.4781,300.97,69,0,8.75,RE,1731389862
151,sur,22.5667,59.5289,302.28,46,26,2.14,OM,1731389864
152,nemuro,43.3236,145.575,283.73,73,100,8.25,JP,1731389865
153,luganville,-15.5333,167.1667,299.91,77,63,4.53,VU,1731389867
154,mollendo,-17.0231,-72.0147,290.1,87,57,2.8,PE,1731389868
155,new norfolk,-42.7826,147.0587,294.66,31,15,2.79,AU,1731389869
156,port alfred,-33.5906,26.891,291.58,90,17,1.34,ZA,1731389593
157,monrovia,6.3005,-10.7969,298.85,83,26,3.34,LR,1731389872
158,debre mark'os,10.35,37.7333,288.62,63,80,1.81,ET,1731389873
159,afaahiti,-17.75,-149.2833,296.64,80,98,8.05,PF,1731389876
160,san julian,21.0167,-102.1667,288.27,50,56,3.38,MX,1731389878
161,sinan,34.8262,126.1086,288.43,76,25,7.43,KR,1731389879
162,kiruna,67.8557,20.2251,267.66,93,100,2.06,SE,1731389880
163,raduzhny,62.0961,77.475,256.5,90,100,5.1,RU,1731389882
164,whitehorse,60.7161,-135.0538,269.58,100,100,1.54,CA,1731389883
165,nereta,56.2066,25.313,272.89,78,3,1.59,LV,1731389885
166,jurmala,56.968,23.7704,276.16,87,100,2.57,LV,1731389886
167,vadso,70.0744,29.7487,274.24,93,75,4.63,NO,1731389887
168,itaituba,-4.2761,-55.9836,297.21,83,100,1.25,BR,1731389889
169,tazovsky,67.4667,78.7,249.24,95,65,5.64,RU,1731389610
170,noosa heads,-26.3833,153.15,299.98,69,100,7.29,AU,1731389893
171,i-n-salah,27.1935,2.4607,290.33,52,0,3.86,DZ,1731389894
172,new martinsville,39.6445,-80.8576,284.15,78,12,1.79,US,1731389896
173,petropavlovka,50.6114,105.3196,276.4,59,46,2.34,RU,1731389897
174,xining,36.6167,101.7667,275.98,99,95,0.59,CN,1731389900
175,haiku-pauwela,20.9219,-156.3051,297.62,85,40,6.71,US,1731389901
176,vicksburg,32.3526,-90.8779,287.97,100,20,3.09,US,1731389903
177,hirara,24.8,125.2833,300.3,89,75,8.23,JP,1731389904
178,ust-nera,64.5667,143.2,242.76,99,78,0.93,RU,1731389906
179,san luis,-33.295,-66.3356,287.9,31,7,2.7,AR,1731389666
180,kargopol',61.5071,38.9456,270.55,95,95,1.78,RU,1731389908
181,hopkinsville,36.8656,-87.4886,283.26,47,17,2.98,US,1731389910
182,aweil,8.7682,27.4002,301.94,33,38,3.15,SS,1731389914
183,banff,51.1762,-115.5698,275.36,93,86,2.06,CA,1731389733
184,acarau,-2.8856,-40.12,297.26,82,100,3.91,BR,1731389917
185,haapavesi,64.1333,25.3667,274.0,96,100,1.58,FI,1731389918
186,mount gambier,-37.8333,140.7667,296.89,47,87,1.47,AU,1731389919
187,zhangjiakou,40.81,114.8794,284.0,38,38,1.08,CN,1731389921
188,hamilton,39.1834,-84.5333,282.09,75,0,5.14,US,1731389676
189,betio village,1.358,172.9211,301.47,68,24,6.17,KI,1731389924
190,st. john's,47.5649,-52.7093,281.57,95,100,10.8,CA,1731389811
191,tamana,32.9167,130.5667,295.28,51,7,2.91,JP,1731389927
192,beitbridge,-22.2167,30.0,294.96,82,91,9.15,ZW,1731389928
193,coruripe,-10.1256,-36.1756,297.56,79,96,3.03,BR,1731389929
194,queenstown,-31.8976,26.8753,288.72,68,53,1.38,ZA,1731389931
195,kamaishi,39.2667,141.8833,286.7,54,86,3.0,JP,1731389932
196,cuamba,-14.8031,36.5372,302.92,41,0,2.81,MZ,1731389934
197,wynyard,-41.0,145.7167,290.48,74,28,2.68,AU,1731389863
198,kiunga,-6.1219,141.2906,302.14,77,100,0.95,PG,1731389936
199,ulsteinvik,62.3432,5.8487,283.01,81,99,1.79,NO,1731389938
200,stanley,54.868,-1.6985,276.08,93,73,1.03,GB,1731389939
201,parkersburg,39.2667,-81.5615,285.49,77,0,4.47,US,1731389372
202,doffing,26.2745,-98.3858,296.88,87,0,2.06,US,1731389942
203,seminole,28.7086,-81.2081,295.6,88,0,0.0,US,1731389943
204,jagtial,18.8,78.9333,301.46,47,17,3.18,IN,1731389945
205,katsuura,35.1333,140.3,293.73,72,92,3.39,JP,1731389946
206,east london,-33.0153,27.9116,291.67,88,75,3.09,ZA,1731389947
207,yulinshi,38.2906,109.7494,285.39,38,100,3.02,CN,1731389949
208,sitka,57.0531,-135.33,279.09,81,40,0.0,US,1731389950
209,imbituba,-28.24,-48.6703,292.51,92,69,5.73,BR,1731389952
210,georgievka,49.3314,81.5761,268.08,63,95,3.24,KZ,1731389953
211,muhlhausen,51.2167,10.45,279.85,97,100,1.93,DE,1731389954
212,hammerfest,70.6634,23.6821,278.4,93,75,2.06,NO,1731389956
213,akureyri,65.6835,-18.0878,289.11,55,0,13.89,IS,1731389957
214,as sulayyil,20.4607,45.5779,298.01,29,43,2.71,SA,1731389958
215,ngaoundere,7.3167,13.5833,292.44,51,19,1.19,CM,1731389960
216,sorong,-0.8833,131.25,302.02,66,92,0.41,ID,1731389961
217,kadnikov,59.5022,40.338,271.18,82,96,2.29,RU,1731389963
218,mahenge,-8.6833,36.7167,297.12,56,6,1.79,TZ,1731389964
219,ciudad bolivar,8.1222,-63.5497,298.35,88,59,3.31,VE,1731389965
220,fizuli,39.5771,47.4084,283.05,92,100,3.56,AZ,1731389967
221,tlacotepec,20.0667,-97.8667,289.63,93,86,2.38,MX,1731389968
222,meulaboh,4.1363,96.1285,301.6,70,100,2.39,ID,1731389970
223,guillermo zuniga,24.0167,-99.2,295.91,90,40,1.24,MX,1731389971
224,bamusso,4.4591,8.9027,298.73,82,9,1.32,CM,1731389972
225,mbeya,-8.9,33.45,296.08,49,1,1.34,TZ,1731389890
226,aykhal,66.0,111.5,258.81,97,100,2.46,RU,1731389975
227,dhidhdhoo,6.8833,73.1,301.52,71,48,3.51,MV,1731389977
228,chebba,35.2372,11.115,291.2,69,48,4.37,TN,1731389978
229,tsiombe,-25.3,45.4833,304.7,44,53,1.34,MG,1731389979
230,brisas de zicatela,15.8369,-97.0419,299.21,85,96,1.93,MX,1731389981
231,nanao,37.05,136.9667,290.54,69,71,3.03,JP,1731389982
232,paita,-5.0892,-81.1144,290.25,90,7,3.86,PE,1731389984
233,prince rupert,54.3161,-130.3201,279.98,92,100,10.8,CA,1731389985
234,mayqayyng,51.4625,75.7986,264.96,72,19,7.81,KZ,1731389986
235,las tablas,7.7667,-80.2833,296.58,99,37,1.23,PA,1731389988
236,enewetak,11.3474,162.3373,301.62,79,8,5.72,MH,1731389989
237,jumla,29.2747,82.1838,287.32,33,8,2.73,NP,1731389943
238,klaksvik,62.2266,-6.589,284.52,86,48,8.54,FO,1731389992
239,nar'yan-mar,67.6713,53.087,261.93,91,68,2.85,RU,1731389993
240,callaway,30.153,-85.5699,296.11,95,100,2.06,US,1731389995
241,margaret river,-33.95,115.0667,292.34,57,49,6.48,AU,1731389996
242,egersund,58.4513,5.9997,279.32,85,87,2.83,NO,1731389997
243,ola,59.5833,151.2833,259.45,72,97,5.43,RU,1731389999
244,avare,-23.0986,-48.9258,293.02,60,0,2.31,BR,1731390000
245,alotau,-10.3069,150.4462,301.5,77,100,3.18,PG,1731390002
246,atafu village,-8.5421,-172.5159,301.92,73,32,5.85,TK,1731390003
247,ouadda,8.0777,22.4007,296.28,46,58,2.29,CF,1731390005
248,hasaki,35.7333,140.8333,292.91,62,96,2.52,JP,1731390006
249,puqi,29.7167,113.8833,297.97,39,82,1.81,CN,1731390007
250,lompoc,34.6391,-120.4579,284.65,84,0,4.12,US,1731390009
251,portlaoise,53.0344,-7.2998,277.4,92,80,0.48,IE,1731390010
252,muntok,-2.0667,105.1833,301.91,73,94,0.81,ID,1731390013
253,awjilah,29.1081,21.2869,291.42,41,0,4.07,LY,1731389938
254,neiafu,-18.65,-173.9833,297.83,88,100,9.25,TO,1731390016
255,show low,34.2542,-110.0298,281.49,45,0,4.12,US,1731390017
256,puerto baquerizo moreno,-0.9,-89.6,293.66,75,72,3.92,EC,1731390018
257,mao,39.8885,4.2658,288.46,72,20,8.75,ES,1731390020
258,sandnessjoen,66.0217,12.6316,279.21,93,75,3.09,NO,1731390021
259,igarka,67.4667,86.5833,250.98,97,100,3.55,RU,1731390023
260,neustadt an der donau,48.8,11.7667,276.55,88,75,4.12,DE,1731390024
261,maloye ganyushkino,46.6,49.2667,277.88,60,95,4.14,KZ,1731390025
262,byron bay,-28.65,153.6167,293.86,96,96,4.51,AU,1731390027
263,kyakhta,50.3508,106.4494,273.17,81,58,3.14,RU,1731390028
264,reggane,26.7158,0.1714,292.07,40,6,4.47,DZ,1731390030
265,kalmunai,7.4167,81.8167,303.67,66,22,2.54,LK,1731390031
266,praia da vitoria,38.7333,-27.0667,294.29,94,75,9.55,PT,1731390032
267,badger,64.8,-147.5333,255.29,77,0,0.0,US,1731390034
268,ancud,-41.8697,-73.8203,282.84,90,100,3.61,CL,1731390035
269,bardai,11.65,7.2333,291.31,40,5,4.0,NG,1731390036
270,medicine hat,50.0501,-110.6683,282.7,57,75,5.14,CA,1731389884
271,fort bragg,35.139,-79.006,289.06,96,0,1.54,US,1731390039
272,nelson bay,-32.7167,152.15,293.76,100,100,3.58,AU,1731390041
273,tirmiz,37.2242,67.2783,285.2,66,99,1.03,UZ,1731389769
274,la passe,45.5549,-0.8967,280.96,90,39,6.26,FR,1731390043
275,bull savanna,17.8868,-77.5902,297.78,82,100,1.34,JM,1731390045
276,ketchikan,55.3422,-131.6461,280.14,93,100,0.0,US,1731390048
277,saipan,15.1355,145.701,304.54,78,75,7.2,MP,1731390049
278,santiago de cao,-7.9589,-79.2392,289.22,94,100,3.09,PE,1731390050
279,aral,40.5156,81.2636,286.52,38,43,2.23,CN,1731390052
280,sumbe,-11.2061,13.8437,298.27,84,100,2.28,AO,1731390053
281,usogorsk,63.4106,48.6872,274.41,98,100,4.24,RU,1731390055
282,taltal,-25.4,-70.4833,289.39,82,24,1.03,CL,1731390056
283,mundybash,53.211,87.2983,265.91,79,100,5.34,RU,1731390057
284,kruisfontein,-34.0033,24.7314,292.84,61,1,2.3,ZA,1731390059
285,arroyo,41.6096,-4.7969,281.17,89,0,6.17,ES,1731390060
286,belmonte,-15.8631,-38.8828,294.57,94,42,1.74,BR,1731390062
287,alice springs,-23.7,133.8833,300.9,44,82,4.12,AU,1731390063
288,port lincoln,-34.7333,135.8667,291.92,68,2,8.87,AU,1731390064
289,lihue,21.9789,-159.3672,297.92,88,100,6.69,US,1731390066
290,ouani,-12.1322,44.4258,301.36,75,72,3.43,KM,1731390067
291,halifax,44.6453,-63.5724,283.15,95,26,1.54,CA,1731390069
292,batang,-6.4846,110.7083,304.57,60,100,5.86,ID,1731390070
293,fayroz koh,34.5195,65.2509,282.81,17,0,0.44,AF,1731390071
294,padangsidempuan,1.3667,99.2667,302.41,63,94,2.1,ID,1731390073
295,bowen,-20.0167,148.2333,299.96,64,8,4.69,AU,1731390074
296,magadan,59.5667,150.8,259.18,71,99,3.79,RU,1731390076
297,remire-montjoly,4.9167,-52.2667,296.17,100,0,2.06,GF,1731390077
298,bela,25.9333,81.9833,303.61,32,1,1.49,IN,1731390078
299,san luis de la loma,17.2706,-100.8939,299.36,87,81,0.72,MX,1731390080
300,weno,7.4515,151.8468,299.99,79,100,3.19,FM,1731390081
301,eyl,7.9803,49.8164,302.09,62,41,7.13,SO,1731390083
302,galesong,-5.3166,119.3661,302.54,67,56,2.94,ID,1731390084
303,luderitz,-26.6481,15.1594,293.28,50,64,3.92,NA,1731390086
304,champerico,14.3,-91.9167,298.25,88,99,2.83,GT,1731390087
305,ekibastuz,51.6667,75.3667,265.02,72,21,7.35,KZ,1731390088
306,tobelo,1.7284,128.0095,302.45,71,51,1.31,ID,1731390090
307,honggang,46.4667,124.8667,276.13,46,0,1.95,CN,1731390091
308,luau,-10.7073,22.2247,293.06,90,100,1.15,AO,1731390093
309,kapa'a,22.0752,-159.319,298.33,88,100,6.69,US,1731390094
310,brookings,44.3114,-96.7984,273.21,91,0,2.57,US,1731389823
311,arkhangel'sk,64.5401,40.5433,273.21,100,100,6.0,RU,1731390001
312,tete,-16.1564,33.5867,299.2,73,75,1.54,MZ,1731390098
313,san fernando de apure,7.8878,-67.4724,297.98,87,54,1.43,VE,1731390100
314,balkanabat,39.5108,54.3671,285.38,71,100,0.8,TM,1731390101
315,oranjemund,-28.55,16.4333,289.64,80,13,3.32,NA,1731390102
316,howrah,22.5892,88.3103,303.15,54,40,3.6,IN,1731390104
317,aswan,24.0934,32.907,290.76,45,0,3.09,EG,1731390105
318,vorgashor,67.5833,63.95,254.55,93,39,4.0,RU,1731390107
319,p'ot'i,42.1462,41.672,285.86,78,88,3.62,GE,1731390108
320,misratah,32.3754,15.0925,293.84,69,73,2.55,LY,1731390109
321,mersa matruh,31.3525,27.2453,288.26,77,40,2.06,EG,1731390111
322,rio de janeiro,-22.9028,-43.2075,295.15,78,0,2.57,BR,1731389900
323,kununurra,-15.7667,128.7333,314.14,27,40,3.6,AU,1731390113
324,lae,-6.7221,146.9847,300.03,73,76,3.37,PG,1731390115
325,zurrieq,35.8311,14.4742,286.88,100,20,1.54,MT,1731390116
326,naze,28.3667,129.4833,296.66,78,100,4.88,JP,1731390118
327,la ronge,55.1001,-105.2842,275.29,80,100,7.2,CA,1731390119
328,abdanan,32.9926,47.4198,295.16,37,90,2.66,IR,1731390120
329,conchal,-22.3303,-47.1725,295.23,72,0,1.29,BR,1731390122
330,bairnsdale,-37.8333,147.6167,293.18,78,30,1.34,AU,1731390123
331,kita,13.0349,-9.4895,293.8,38,35,0.53,ML,1731390124
332,alofi,-19.0595,-169.9187,295.09,94,75,8.75,NU,1731390126
333,kidal,18.4411,1.4078,291.49,21,4,3.82,ML,1731390127
334,karratha,-20.7377,116.8463,308.43,29,16,7.68,AU,1731390129
335,mbanza kongo,-6.267,14.2401,295.17,93,99,0.75,AO,1731390130
336,geraldton,-28.7667,114.6,298.38,50,0,9.77,AU,1731390132
337,polyarnyy,69.1989,33.4478,275.5,88,100,5.31,RU,1731390133
338,taoudenni,22.6783,-3.9836,295.57,23,79,2.81,ML,1731390134
339,marquette,46.5333,-87.6335,274.46,89,83,0.45,US,1731390136
340,sisimiut,66.9395,-53.6735,269.48,68,100,2.94,GL,1731390137
341,kingaroy,-26.5333,151.8333,300.72,54,97,2.19,AU,1731390139
342,kandyagash,49.4744,57.4233,266.97,74,7,1.64,KZ,1731390140
343,gemlik,40.4309,29.1597,284.11,81,3,0.99,TR,1731390141
344,konosha,60.9736,40.257,270.07,95,92,2.22,RU,1731390143
345,starobin,52.7267,27.4606,272.87,93,54,2.11,BY,1731390144
346,maceio,-9.6658,-35.7353,297.84,88,40,1.54,BR,1731390145
347,cambria,35.5641,-121.0808,282.07,90,1,1.79,US,1731390147
348,boyolangu,-8.1181,111.8935,305.01,56,99,2.86,ID,1731390150
349,mili,6.0815,171.735,301.59,75,100,3.83,MH,1731390151
350,muisne,0.6,-80.0333,296.07,79,68,3.29,EC,1731390152
351,talcahuano,-36.7167,-73.1167,283.97,82,0,4.63,CL,1731390154
352,kingston,17.997,-76.7936,298.24,94,71,1.19,JM,1731389974
353,vanimo,-2.6741,141.3028,302.26,73,87,3.66,PG,1731390157
354,rye,40.9807,-73.6837,288.39,67,40,2.68,US,1731390158
355,castillos,-34.1667,-53.8333,283.34,75,14,3.66,UY,1731390159
356,hithadhoo,-0.6,73.0833,301.68,75,97,7.87,MV,1731390161
357,catriel,-37.8791,-67.7956,287.85,39,68,8.97,AR,1731390162
358,corpus christi,27.8006,-97.3964,297.58,86,50,2.71,US,1731390006
359,leava,-14.3,-178.1667,300.96,80,36,5.06,WF,1731390165
360,pelabuhanratu,-6.9875,106.5514,301.73,79,86,2.37,ID,1731390166
361,sao miguel do araguaia,-13.275,-50.1628,294.68,96,100,1.12,BR,1731390168
362,lugazi,0.3772,32.9197,292.67,91,98,0.6,UG,1731390169
363,luena,-11.7833,19.9167,291.33,90,69,1.87,AO,1731390171
364,paraty,-23.2178,-44.7131,295.69,83,8,2.13,BR,1731390172
365,rey bouba,8.6724,14.1786,296.66,43,15,0.58,CM,1731390173
366,laguna,38.421,-121.4238,282.62,91,0,2.06,US,1731390175
367,malango,-2.9627,119.9001,299.23,82,92,1.62,ID,1731390176
368,mariental,-24.6333,17.9667,294.35,13,0,2.83,NA,1731390178
369,lebu,-37.6167,-73.65,283.66,82,96,6.96,CL,1731390179
370,flying fish cove,-10.4217,105.6791,301.97,78,100,6.17,CX,1731390180
371,long beach,33.767,-118.1892,289.46,91,3,0.89,US,1731389882
372,pitea,65.3172,21.4794,273.34,86,46,2.25,SE,1731390183
373,boa vista,2.8197,-60.6733,301.14,69,40,5.14,BR,1731390107
374,codrington,-38.2667,141.9667,290.09,86,87,2.9,AU,1731390186
375,ciudad insurgentes,25.2625,-111.7753,290.56,73,99,3.67,MX,1731390187
376,dubbo,-32.25,148.6167,302.22,37,20,4.12,AU,1731390190
377,chongjin,41.7956,129.7758,287.08,23,0,7.39,KP,1731390192
378,wittstock,53.1612,12.4829,278.14,85,100,1.87,DE,1731390194
379,rechka-vydrino,51.485,104.8461,279.57,53,27,3.01,RU,1731390196
380,sheksna,59.21,38.5107,270.13,81,99,2.5,RU,1731390197
381,palikir - national government center,6.9248,158.1611,303.56,74,100,1.54,FM,1731390199
382,tamanrasset,22.785,5.5228,282.1,43,0,2.06,DZ,1731390200
383,richards bay,-28.783,32.0377,293.71,87,100,1.24,ZA,1731390201
384,kourou,5.1552,-52.6478,297.01,93,100,1.82,GF,1731390203
385,uyuni,-20.4597,-66.825,284.08,47,3,1.48,BO,1731390204
386,chabahar,25.2919,60.643,301.59,51,4,2.21,IR,1731390206
387,la'ie,21.6477,-157.9253,298.21,83,48,2.24,US,1731390207
388,ta`u,-14.2336,-169.5144,300.41,76,79,4.32,AS,1731390208
389,savanna-la-mar,18.219,-78.1332,298.11,92,87,1.3,JM,1731390211
390,korla,41.7597,86.1469,284.55,50,34,2.83,CN,1731390213
391,ketrzyn,54.0768,21.3753,271.85,86,0,1.21,PL,1731390214
392,nelidovo,56.2211,32.7774,272.97,95,100,1.92,RU,1731390215
393,pacific grove,36.6177,-121.9166,284.5,96,40,2.06,US,1731390217
394,turaif,31.6725,38.6637,284.29,76,0,3.09,SA,1731390218
395,dryden,49.7833,-92.7503,270.31,93,20,3.6,CA,1731390220
396,kupang,-10.1667,123.5833,307.47,55,20,6.17,ID,1731390221
397,ubari,26.5921,12.7805,290.14,30,45,4.03,LY,1731390222
398,villa gesell,-37.2639,-56.973,283.42,73,8,4.17,AR,1731390224
399,salaverry,-8.2333,-78.9667,288.36,87,100,2.9,PE,1731390225
400,paramonga,-10.6667,-77.8333,291.09,91,100,2.66,PE,1731390226
401,fort mcmurray,56.7268,-111.381,274.92,93,100,3.09,CA,1731390228
402,ghat,24.9647,10.1728,290.25,31,2,0.86,LY,1731390229
403,kapuskasing,49.4169,-82.4331,269.2,93,100,4.63,CA,1731390231
404,zhezqazghan,47.7833,67.7667,265.47,79,0,4.0,KZ,1731390232
405,porangatu,-13.4408,-49.1486,295.15,97,100,0.16,BR,1731390233
406,verkhnevilyuysk,63.4453,120.3167,260.8,95,95,1.31,RU,1731390235
407,formosa do rio preto,-11.0483,-45.1931,293.72,96,68,1.07,BR,1731390236
408,asha,54.9973,57.2722,266.33,93,99,2.88,RU,1731390117
409,hadibu,12.65,54.0333,300.09,70,33,6.04,YE,1731390239
410,mount isa,-20.7333,139.5,314.02,15,57,4.63,AU,1731390093
411,pyshma,56.9523,63.2513,267.44,78,96,5.47,RU,1731390242
412,coquimbo,-29.9533,-71.3436,286.0,100,0,1.54,CL,1731390128
413,saint-philippe,-21.3585,55.7679,297.14,80,50,5.36,RE,1731390245
414,launceston,-41.45,147.1667,297.95,38,9,6.69,AU,1731390246
415,matoury,4.8483,-52.3317,296.13,100,0,2.06,GF,1731390247
416,floro,61.5996,5.0328,280.13,93,75,3.6,NO,1731390249
417,selkirk,50.1436,-96.8845,272.69,80,68,3.13,CA,1731390250
418,colonia,50.9333,6.95,282.11,92,75,4.63,DE,1731390252
419,port douglas,-16.4833,145.4667,300.64,68,8,4.09,AU,1731390253
420,mejit,10.2753,170.8646,301.52,77,97,6.55,MH,1731390254
421,bartica,6.4,-58.6167,296.43,99,92,0.91,GY,1731390256
422,saint croix,17.7397,-64.7388,298.4,83,0,2.06,VI,1731390257
423,orchard homes,46.8633,-114.0484,281.23,56,100,9.26,US,1731390259
424,thunder bay,48.4001,-89.3168,270.14,93,0,2.06,CA,1731390260
425,san juan de miraflores,-12.1629,-76.9635,292.13,83,100,2.94,PE,1731390261
426,ardestan,33.3761,52.3694,292.53,26,84,0.86,IR,1731390263
427,heggadadevankote,12.0883,76.3283,299.29,62,27,2.67,IN,1731390264
428,faya-largeau,17.9257,19.1043,293.75,30,1,8.12,TD,1731390265
429,plastun,44.7561,136.2939,276.8,57,48,6.14,RU,1731390267
430,loreto,22.2667,-101.9667,289.31,49,9,5.22,MX,1731390268
431,walvis bay,-22.9575,14.5053,286.68,94,1,1.03,NA,1731390270
432,sambava,-14.2667,50.1667,300.28,71,26,4.25,MG,1731390271
433,kirishi,59.4471,32.0205,273.77,91,100,2.08,RU,1731390272
434,sasebo,33.1592,129.7228,293.2,64,14,3.69,JP,1731390274
435,margate,51.3813,1.3862,283.54,83,99,1.34,GB,1731390275
436,san jeronimo de juarez,17.1333,-100.4667,299.02,89,77,1.43,MX,1731390277
437,bluefields,12.0137,-83.7635,296.58,93,98,1.45,NI,1731390278
438,okha,53.5739,142.9478,269.68,65,100,6.95,RU,1731390279
439,lerwick,60.1545,-1.1494,283.45,90,95,6.3,GB,1731390281
440,zagora,30.3484,-5.8365,290.43,44,95,1.78,MA,1731390282
441,constitucion,-35.3333,-72.4167,285.72,68,27,3.45,CL,1731390284
442,alta,69.9689,23.2717,272.74,80,75,2.06,NO,1731390285
443,yuzhno-kurilsk,44.0306,145.8556,280.51,90,100,2.03,RU,1731390286
444,itamaraca,-7.7478,-34.8256,297.84,77,91,2.54,BR,1731390288
445,akjoujt,19.6969,-14.4164,295.9,16,0,3.35,MR,1731390289
446,toliara,-23.35,43.6667,303.9,53,63,3.62,MG,1731390291
447,windsor,42.3001,-83.0165,280.91,83,100,5.66,CA,1731390292
448,ulladulla,-35.35,150.4667,293.82,72,100,3.75,AU,1731390293
449,tambacounda,13.7539,-13.7586,297.89,23,94,2.21,SN,1731390295
450,warrenton,-28.114,24.8475,294.34,52,1,5.42,ZA,1731390296
451,bam,29.106,58.357,295.77,25,0,1.66,IR,1731390298
452,gaspe,48.8334,-64.4819,275.27,93,20,2.57,CA,1731390299
453,birganj,27.0104,84.8774,301.44,44,0,1.56,NP,1731390300
454,piton saint-leu,-21.2196,55.3151,299.21,65,0,8.75,RE,1731390302
455,obo,5.3998,26.4869,296.77,84,26,0.97,CF,1731390303
456,mankera,31.3866,71.4407,301.05,32,6,2.04,PK,1731390305
457,pangody,65.85,74.4859,252.47,98,98,4.69,RU,1731390306
458,ojinaga,29.5667,-104.4167,292.68,32,0,3.09,MX,1731390307
459,tchintabaraden,15.8969,5.7985,292.83,26,0,4.47,NE,1731390309
460,ondjiva,-17.0667,15.7333,293.17,83,95,1.03,AO,1731390310
461,ginir,7.1333,40.7,292.28,37,49,2.37,ET,1731390313
462,gulf shores,30.246,-87.7008,295.38,88,100,3.09,US,1731390315
463,college,64.8569,-147.8028,252.14,77,75,0.0,US,1731390316
464,ar rutbah,33.0381,40.2848,289.27,53,100,1.11,IQ,1731390317
465,papao,-17.75,-149.55,299.97,82,87,8.61,PF,1731390319
466,pudozh,61.8099,36.5345,272.41,90,100,1.8,RU,1731390320
467,nyrob,60.733,56.7202,270.72,95,100,3.22,RU,1731390322
468,elin pelin,42.6667,23.6,273.87,100,100,1.03,BG,1731390323
469,lata,40.1629,-8.3327,281.34,78,2,2.51,PT,1731390324
470,chos malal,-37.3781,-70.2709,288.99,40,67,2.48,AR,1731390326
471,daru,-9.0763,143.2092,300.91,81,100,5.87,PG,1731390327
472,essaouira,31.5125,-9.77,287.87,94,2,0.51,MA,1731390329
473,takayama,36.1333,137.25,291.52,62,34,2.44,JP,1731390330
474,canutama,-6.5339,-64.3831,297.89,78,75,0.63,BR,1731390331
475,namibe,-15.1961,12.1522,295.95,67,51,2.11,AO,1731390333
476,codajas,-3.8367,-62.0569,298.2,74,77,0.8,BR,1731390334
477,kuanda,56.3161,116.0806,262.04,80,75,0.16,RU,1731390336
478,noyabrsk,63.1994,75.4507,253.05,97,98,5.84,RU,1731390337
479,petrozavodsk,61.7849,34.3469,271.85,93,100,0.0,RU,1731390338
480,urangan,-25.3,152.9,297.61,80,100,8.97,AU,1731390340
481,yanam,16.7333,82.2167,302.46,70,99,4.29,IN,1731390341
482,san bartolo,19.1833,-100.05,284.35,68,76,3.4,MX,1731390342
483,hotan,37.0997,79.9269,286.39,34,13,2.47,CN,1731390344
484,la foa,-21.7108,165.8276,301.43,50,11,2.24,NC,1731390347
485,shahrud,36.4182,54.9763,286.38,39,84,2.46,IR,1731390348
486,nambucca heads,-30.65,153.0,292.84,90,78,4.54,AU,1731390349
487,nagqu,31.5,92.0,279.28,10,34,10.02,CN,1731390351
488,huarmey,-10.0681,-78.1522,291.46,88,100,3.64,PE,1731390352
489,palmer,42.1584,-72.3287,284.96,64,39,2.59,US,1731390354
490,baker city,44.7749,-117.8344,276.99,81,0,0.0,US,1731390355
491,monte carmelo,-18.7247,-47.4986,294.77,84,100,1.82,BR,1731390356
492,buka,40.8108,69.1986,284.69,52,100,1.61,UZ,1731390358
493,isabela,6.7085,121.9711,305.18,75,51,0.94,PH,1731390359
494,qarazhal,48.0078,70.7903,263.33,87,25,2.73,KZ,1731390361
495,el calafate,-50.3408,-72.2768,280.51,80,17,4.23,AR,1731390362
496,kavaratti,10.5669,72.642,302.17,66,93,4.56,IN,1731390364
497,maamba,-17.3667,27.15,300.2,53,100,0.14,ZM,1731390365
498,turochak,52.2576,87.1224,267.2,76,99,5.09,RU,1731390366
499,juruti,-2.1522,-56.0922,299.56,69,98,1.43,BR,1731390368
500,mahalapye,-23.1041,26.8142,292.24,79,100,8.17,BW,1731390369
501,gamba,-2.65,10.0,298.34,89,100,4.02,GA,1731390372
502,lamu,-2.2717,40.902,302.03,70,24,3.17,KE,1731390373
503,dakhla,23.6848,-15.958,293.27,71,0,8.0,EH,1731390375
504,sangkhla buri,15.1555,98.4536,306.09,40,60,1.68,TH,1731390376
505,kulhudhuffushi,6.6221,73.07,301.55,71,30,3.85,MV,1731390377
506,auki,-8.7676,160.7034,302.21,71,93,0.32,SB,1731390379
507,sokoni,-6.4333,39.55,300.15,79,86,3.11,TZ,1731390380
508,belozersk,60.0326,37.7957,272.32,78,99,2.77,RU,1731390382
509,onokhoy,51.932,108.0747,272.08,64,92,1.5,RU,1731390383
510,zouerate,22.7187,-12.4521,293.97,16,9,3.33,MR,1731390384
511,aden,12.7794,45.0367,301.0,65,32,6.38,YE,1731390386
512,sicuani,-14.2694,-71.2261,283.5,78,86,2.13,PE,1731390387
513,severo-yeniseyskiy,60.3725,93.0408,260.32,85,98,3.55,RU,1731390388
514,torghay,49.6339,63.4981,269.36,73,7,2.32,KZ,1731390390
515,havre,49.5833,0.3333,283.02,87,75,8.23,FR,1731390391
516,arklow,52.7931,-6.1414,280.82,85,76,3.06,IE,1731390393
517,port blair,11.6667,92.75,302.17,84,75,2.57,IN,1731390394
518,morococha,-11.5997,-76.1411,272.71,98,100,0.79,PE,1731390395
519,iguai,-14.7564,-40.0892,293.36,97,72,0.28,BR,1731390397
520,orkney,-26.9802,26.6727,292.77,69,100,7.25,ZA,1731390398
521,pisco,-13.7,-76.2167,290.18,88,0,3.6,PE,1731390400
522,sirjan,29.452,55.6814,292.14,23,1,2.66,IR,1731390129
523,harstad,68.799,16.5293,278.79,97,100,5.36,NO,1731390402
524,hornell,42.3279,-77.6611,280.15,88,56,2.68,US,1731390404
525,peniche,39.3558,-9.3811,286.73,85,0,3.0,PT,1731390405
526,lorengau,-2.0226,147.2712,301.79,77,34,4.01,PG,1731390406
527,san vicente de canete,-13.0751,-76.3835,290.16,91,92,1.44,PE,1731390408
528,nadym,65.5333,72.5167,251.53,99,78,4.44,RU,1731390409
529,ulety,51.3572,112.4849,270.57,62,99,1.44,RU,1731390411
530,bouarfa,32.53,-1.95,283.41,54,63,0.96,MA,1731390412
531,duyun,26.2667,107.5167,299.5,47,72,3.79,CN,1731390413
532,balqash,46.8481,74.995,268.48,63,0,8.0,KZ,1731390415
533,riverton,40.5219,-111.9391,285.68,43,40,7.72,US,1731390227
534,skovorodino,53.9833,123.9167,265.66,76,25,2.09,RU,1731390418
535,buritizeiro,-17.3511,-44.9622,294.0,85,1,0.31,BR,1731390419
536,caleta de carquin,-11.0925,-77.6267,291.06,90,100,3.31,PE,1731390420
537,touros,-5.1989,-35.4608,298.24,76,51,4.22,BR,1731390422
538,kapit,2.0167,112.9333,306.11,53,74,0.8,MY,1731390423
539,araripina,-7.5761,-40.4983,294.58,86,100,1.35,BR,1731390425
540,yunak,38.8142,31.7322,279.39,81,0,0.96,TR,1731390208
541,amahai,-3.3333,128.9167,302.65,70,59,4.08,ID,1731390427
542,mhamid,29.82,-5.72,290.61,44,82,4.12,MA,1731390429
543,kavieng,-2.5744,150.7967,302.33,70,24,2.16,PG,1731390430
544,bousso,10.4795,16.7117,298.86,38,9,1.83,TD,1731390432
545,brigantine,39.4101,-74.3646,286.49,90,4,0.45,US,1731390433
546,antofagasta,-23.65,-70.4,289.75,89,47,1.28,CL,1731390434
547,kaset wisai,15.6556,103.5836,305.17,46,20,4.37,TH,1731390436
548,sibsagar,26.9833,94.6333,299.33,67,6,1.24,IN,1731390437
549,nova sintra,14.8667,-24.7167,300.09,66,52,6.56,CV,1731390439
550,hami,42.8,93.45,284.3,42,22,0.59,CN,1731390440
551,antonio enes,-16.2325,39.9086,302.12,65,43,3.62,MZ,1731390441
552,oytal,42.9057,73.2697,281.36,56,100,2.28,KZ,1731390443
553,moultrie,31.1799,-83.7891,292.09,100,0,0.0,US,1731390444
554,ryotsu-minato,38.0833,138.4333,288.66,68,94,1.29,JP,1731390446
555,runing,33.0011,114.3542,296.12,43,23,3.59,CN,1731390447
556,yung shue wan,22.2333,114.1167,301.9,58,70,3.59,HK,1731390448
557,chegdomyn,51.1167,133.0167,266.5,61,82,1.81,RU,1731390450
558,kralendijk,12.15,-68.2667,300.14,89,20,1.54,BQ,1731390451
559,talara,-4.5772,-81.2719,290.77,89,15,6.39,PE,1731390453
560,den burg,53.0542,4.7972,283.14,87,100,4.63,NL,1731390454
